solar_farm,truckload_demand
b_1,9
b_2,31
b_3,47
b_4,46
b_5,12
b_6,22
b_7,41
b_8,45
b_9,12
b_10,25
b_11,16
b_12,42
b_13,15
b_14,43
b_15,33
b_16,36
b_17,22
b_18,11
b_19,36
b_20,7
b_21,22
b_22,35
b_23,19
b_24,30
b_25,25
b_26,39
b_27,47
b_28,49
b_29,27
b_30,47
b_31,40
b_32,19
b_33,36
b_34,28
b_35,14
b_36,39
b_37,26
b_38,32
b_39,50
b_40,48
b_41,33
b_42,19
b_43,28
b_44,50
b_45,35
b_46,15
b_47,48
b_48,45
b_49,28
b_50,31
b_51,34
b_52,21
b_53,49
b_54,45
b_55,15
b_56,29
b_57,39
b_58,23
b_59,12
b_60,14
b_61,12
b_62,20
b_63,32
b_64,29
b_65,49
b_66,40
b_67,16
b_68,36
b_69,37
b_70,36
b_71,18
b_72,43
b_73,18
b_74,31
b_75,10
b_76,50
b_77,43
b_78,13
b_79,27
b_80,24
b_81,19
b_82,50
b_83,30
b_84,43
b_85,24
b_86,37
b_87,41
b_88,31
b_89,26
b_90,28
b_91,19
b_92,42
b_93,28
b_94,28
b_95,37
b_96,45
b_97,14
b_98,27
b_99,35
b_100,30
b_101,25
b_102,34
b_103,15
b_104,31
b_105,26
b_106,22
b_107,37
b_108,8
b_109,37
b_110,46
b_111,40
b_112,11
b_113,6
b_114,43
b_115,7
b_116,16
b_117,21
b_118,31
b_119,12
b_120,39
b_121,39
b_122,19
b_123,46
b_124,44
b_125,45
b_126,34
b_127,18
b_128,17
b_129,6
b_130,33
b_131,10
b_132,45
b_133,26
b_134,6
b_135,25
b_136,17
b_137,11
b_138,42
b_139,10
b_140,22
b_141,28
b_142,33
b_143,43
b_144,9
b_145,21
b_146,23
b_147,43
b_148,18
b_149,47
b_150,38
b_151,23
b_152,16
b_153,11
b_154,22
b_155,34
b_156,15
b_157,35
b_158,45
b_159,46
b_160,26
b_161,9
b_162,35
b_163,21
b_164,25
b_165,41
b_166,30
b_167,33
b_168,26
b_169,30
b_170,19
b_171,32
b_172,36
b_173,35
b_174,44
b_175,19
b_176,37
b_177,39
b_178,21
b_179,12
b_180,42
b_181,29
b_182,25
b_183,16
b_184,28
b_185,29
b_186,19
b_187,17
b_188,26
b_189,46
b_190,9
b_191,25
b_192,18
b_193,16
b_194,43
b_195,7
b_196,28
b_197,32
b_198,35
b_199,31
b_200,25
b_201,15
b_202,35
b_203,50
b_204,15
b_205,34
b_206,27
b_207,8
b_208,20
b_209,32
b_210,34
b_211,30
b_212,8
b_213,49
b_214,39
b_215,25
b_216,14
b_217,48
b_218,36
b_219,13
b_220,22
b_221,46
b_222,42
b_223,21
b_224,12
b_225,48
b_226,49
b_227,21
b_228,16
b_229,44
b_230,13
b_231,43
b_232,50
b_233,45
b_234,17
b_235,18
b_236,7
b_237,32
b_238,18
b_239,50
b_240,39
b_241,29
b_242,20
b_243,30
b_244,37
b_245,39
b_246,15
b_247,49
b_248,16
b_249,44
b_250,20
b_251,19
b_252,10
b_253,20
b_254,44
b_255,17
b_256,44
b_257,10
b_258,11
b_259,47
b_260,9
b_261,31
b_262,20
b_263,24
b_264,41
b_265,28
b_266,49
b_267,10
b_268,21
b_269,37
b_270,42
b_271,6
b_272,48
b_273,18
b_274,24
b_275,20
b_276,48
b_277,39
b_278,28
b_279,32
b_280,45
b_281,6
b_282,47
b_283,22
b_284,24
b_285,27
b_286,44
b_287,16
b_288,18
b_289,9
b_290,23
b_291,20
b_292,48
b_293,26
b_294,6
b_295,44
b_296,31
b_297,38
b_298,17
b_299,24
b_300,12
b_301,7
b_302,27
b_303,47
b_304,40
b_305,39
b_306,19
b_307,40
b_308,6
b_309,31
b_310,8
b_311,42
b_312,38
b_313,16
b_314,41
b_315,28
b_316,31
b_317,15
b_318,24
b_319,31
b_320,13
b_321,8
b_322,49
b_323,40
b_324,42
b_325,10
b_326,13
b_327,33
b_328,9
b_329,45
b_330,25
b_331,26
b_332,39
b_333,21
b_334,50
b_335,45
b_336,27
b_337,12
b_338,26
b_339,47
b_340,26
b_341,29
b_342,12
b_343,36
b_344,38
b_345,39
b_346,43
b_347,49
b_348,16
b_349,43
b_350,10
b_351,21
b_352,7
b_353,46
b_354,49
b_355,11
b_356,41
b_357,18
b_358,31
b_359,47
b_360,25
b_361,43
b_362,7
b_363,20
b_364,35
b_365,30
b_366,45
b_367,10
b_368,20
b_369,38
b_370,44
b_371,22
b_372,39
b_373,36
b_374,39
b_375,21
b_376,26
b_377,25
b_378,19
b_379,31
b_380,47
b_381,38
b_382,28
b_383,14
b_384,48
b_385,16
b_386,22
b_387,19
b_388,49
b_389,27
b_390,19
b_391,38
b_392,49
b_393,48
b_394,15
b_395,41
b_396,23
b_397,29
b_398,17
b_399,13
b_400,11
b_401,30
b_402,7
b_403,38
b_404,46
b_405,31
b_406,24
b_407,7
b_408,25
b_409,9
b_410,30
b_411,42
b_412,29
b_413,29
b_414,19
b_415,44
b_416,23
b_417,49
b_418,47
b_419,28
b_420,48
b_421,27
b_422,7
b_423,6
b_424,12
b_425,25
b_426,8
b_427,19
b_428,13
b_429,7
b_430,45
b_431,48
b_432,44
b_433,28
b_434,29
b_435,21
b_436,8
b_437,36
b_438,16
b_439,25
b_440,35
b_441,12
b_442,36
b_443,28
b_444,28
b_445,19
b_446,28
b_447,6
b_448,43
b_449,6
b_450,31
b_451,45
b_452,41
b_453,33
b_454,45
b_455,25
b_456,15
b_457,15
b_458,16
b_459,35
b_460,28
b_461,32
b_462,47
b_463,10
b_464,20
b_465,10
b_466,9
b_467,19
b_468,40
b_469,15
b_470,40
b_471,11
b_472,9
b_473,11
b_474,30
b_475,41
b_476,43
b_477,38
b_478,27
b_479,43
b_480,45
b_481,39
b_482,35
b_483,40
b_484,48
b_485,11
b_486,23
b_487,45
b_488,33
b_489,37
b_490,21
b_491,19
b_492,28
b_493,38
b_494,7
b_495,42
b_496,6
b_497,27
b_498,40
b_499,23
b_500,35
b_501,15
b_502,47
b_503,10
b_504,15
b_505,37
b_506,14
b_507,6
b_508,17
b_509,33
b_510,46
b_511,24
b_512,16
b_513,17
b_514,39
b_515,31
b_516,7
b_517,22
b_518,23
b_519,25
b_520,35
b_521,43
b_522,39
b_523,42
b_524,42
b_525,32
b_526,34
b_527,27
b_528,6
b_529,21
b_530,34
b_531,41
b_532,49
b_533,14
b_534,27
b_535,13
b_536,35
b_537,12
b_538,28
b_539,18
b_540,20
b_541,39
b_542,49
b_543,21
b_544,31
b_545,7
b_546,13
b_547,6
b_548,25
b_549,32
b_550,6
b_551,27
b_552,39
b_553,43
b_554,7
b_555,11
b_556,23
b_557,15
b_558,26
b_559,20
b_560,36
b_561,8
b_562,38
b_563,42
b_564,50
b_565,7
b_566,50
b_567,31
b_568,48
b_569,35
b_570,14
b_571,24
b_572,25
b_573,29
b_574,33
b_575,47
b_576,25
b_577,25
b_578,37
b_579,26
b_580,47
b_581,18
b_582,43
b_583,29
b_584,17
b_585,29
b_586,36
b_587,9
b_588,24
b_589,27
b_590,11
b_591,21
b_592,14
b_593,8
b_594,7
b_595,24
b_596,31
b_597,17
b_598,36
b_599,39
b_600,33
b_601,18
b_602,33
b_603,44
b_604,31
b_605,18
b_606,35
b_607,28
b_608,45
b_609,50
b_610,16
b_611,44
b_612,18
b_613,17
b_614,29
b_615,30
b_616,34
b_617,37
b_618,15
b_619,31
b_620,25
b_621,24
b_622,43
b_623,26
b_624,23
b_625,9
b_626,35
b_627,12
b_628,34
b_629,14
b_630,44
b_631,22
b_632,35
b_633,25
b_634,42
b_635,37
b_636,20
b_637,9
b_638,9
b_639,14
b_640,14
b_641,28
b_642,47
b_643,13
b_644,17
b_645,32
b_646,31
b_647,47
b_648,37
b_649,9
b_650,13
b_651,32
b_652,43
b_653,49
b_654,45
b_655,28
b_656,38
b_657,46
b_658,16
b_659,48
b_660,47
b_661,44
b_662,10
b_663,10
b_664,21
b_665,31
b_666,47
b_667,47
b_668,30
b_669,41
b_670,32
b_671,35
b_672,23
b_673,14
b_674,50
b_675,48
b_676,10
b_677,50
b_678,6
b_679,11
b_680,34
b_681,46
b_682,12
b_683,45
b_684,43
b_685,12
b_686,23
b_687,12
b_688,47
b_689,20
b_690,44
b_691,49
b_692,49
b_693,13
b_694,26
b_695,28
b_696,16
b_697,6
b_698,43
b_699,37
b_700,33
b_701,40
b_702,9
b_703,24
b_704,40
b_705,34
b_706,48
b_707,37
b_708,21
b_709,31
b_710,42
b_711,16
b_712,49
b_713,48
b_714,20
b_715,33
b_716,46
b_717,42
b_718,20
b_719,10
b_720,8
b_721,18
b_722,33
b_723,29
b_724,9
b_725,16
b_726,8
b_727,45
b_728,42
b_729,19
b_730,24
b_731,40
b_732,48
b_733,24
b_734,21
b_735,9
b_736,47
b_737,26
b_738,18
b_739,24
b_740,6
b_741,30
b_742,7
b_743,26
b_744,27
b_745,19
b_746,15
b_747,11
b_748,21
b_749,26
b_750,23
b_751,30
b_752,29
b_753,33
b_754,34
b_755,36
b_756,8
b_757,12
b_758,25
b_759,20
b_760,44
b_761,38
b_762,50
b_763,21
b_764,40
b_765,18
b_766,35
b_767,47
b_768,40
b_769,14
b_770,10
b_771,38
b_772,12
b_773,11
b_774,35
b_775,47
b_776,37
b_777,35
b_778,23
b_779,22
b_780,49
b_781,19
b_782,31
b_783,28
b_784,20
b_785,37
b_786,37
b_787,29
b_788,17
b_789,30
b_790,34
b_791,8
b_792,22
b_793,6
b_794,34
b_795,47
b_796,31
b_797,43
b_798,26
b_799,29
b_800,38
b_801,23
b_802,38
b_803,26
b_804,22
b_805,48
b_806,32
b_807,13
b_808,42
b_809,12
b_810,37
b_811,8
b_812,11
b_813,25
b_814,38
b_815,30
b_816,27
b_817,27
b_818,10
b_819,28
b_820,48
b_821,37
b_822,21
b_823,26
b_824,41
b_825,27
b_826,29
b_827,43
b_828,26
b_829,41
b_830,31
b_831,32
b_832,12
b_833,36
b_834,12
b_835,48
b_836,36
b_837,48
b_838,17
b_839,24
b_840,6
b_841,33
b_842,20
b_843,38
b_844,15
b_845,10
b_846,32
b_847,47
b_848,7
b_849,27
b_850,35
b_851,11
b_852,17
b_853,44
b_854,50
b_855,24
b_856,32
b_857,32
b_858,26
b_859,16
b_860,49
b_861,41
b_862,11
b_863,26
b_864,12
b_865,20
b_866,8
b_867,35
b_868,15
b_869,30
b_870,34
b_871,19
b_872,30
b_873,23
b_874,9
b_875,38
b_876,38
b_877,34
b_878,6
b_879,39
b_880,23
b_881,29
b_882,7
b_883,28
b_884,6
b_885,19
b_886,11
b_887,36
b_888,42
b_889,39
b_890,31
b_891,22
b_892,33
b_893,29
b_894,22
b_895,13
b_896,12
b_897,39
b_898,32
b_899,15
b_900,48
b_901,31
b_902,24
b_903,6
b_904,40
b_905,45
b_906,43
b_907,41
b_908,30
b_909,35
b_910,37
b_911,41
b_912,22
b_913,10
b_914,15
b_915,18
b_916,18
b_917,35
b_918,11
b_919,25
b_920,10
b_921,24
b_922,11
b_923,28
b_924,31
b_925,19
b_926,45
b_927,35
b_928,13
b_929,45
b_930,30
b_931,45
b_932,16
b_933,28
b_934,15
b_935,6
b_936,11
b_937,35
b_938,20
b_939,30
b_940,40
b_941,32
b_942,18
b_943,19
b_944,8
b_945,23
b_946,32
b_947,15
b_948,42
b_949,27
b_950,45
b_951,13
b_952,36
b_953,12
b_954,8
b_955,35
b_956,30
b_957,20
b_958,49
b_959,7
b_960,35
b_961,45
b_962,24
b_963,38
b_964,10
b_965,16
b_966,42
b_967,42
b_968,30
b_969,37
b_970,23
b_971,30
b_972,31
b_973,23
b_974,20
b_975,25
b_976,8
b_977,36
b_978,31
b_979,31
b_980,50
b_981,48
b_982,10
b_983,38
b_984,17
b_985,46
b_986,44
b_987,17
b_988,15
b_989,49
b_990,10
b_991,36
b_992,21
b_993,33
b_994,15
b_995,11
b_996,33
b_997,36
b_998,13
b_999,37
b_1000,15
